query,no_of_results
25055101103,0
AVWHBM,0
Striplox,33
exedra,0
tghtbond,166
kerft 0.126,2
006.47.068,0
10090008952,0
11826595,0
144-130-191,0
144-130-202,0
144-130-289,0
144-140-190,0
2014-2055,0
262.28.928,0
4023149180378,1
407.90.010,0
431.01.810,0
503.70.532,0
5113-4554,1
547.52.323,0
5501660,0
69073714525,1
801.13.391,0
882930000066255,0
ANselmi,13
Accuride,65
Akku,465
Akkuschrauber,582
Aximat®,86
LCDN1763-1,0
LCDN17639-1,0
PLHR380.500NFPB,0
Padspsa,68
Psapads,53
RICHELIEU WEBKIT1008357,15
Rivermill,2
Rscbl,43
SILVERWARE,25
SIMMONS,5
Sandable,321
TLLNCLPHLDR,11
UTC rau seana,0
WICKER,181
WRO17810450,0
accordion,367
accuride,127
accuride 12318,23
acuride,128
coplanar,97
corbin 02067,66
courner gaurd,87
dropbolt,284
fry reglet,187
futwh,0
galley,127
gorilla,240
gorilla (duplicate),22
gorilla 8010003,12
gromit,258
innova,220
jerkbox,472
lemmans,65
melaisi,212
monoflat,161
planofit,44
revego,201
richard,1
silverware,134
simplehuman,62
treco conector,135
ultramatte,0
vibio,0
woodfeet,210
worksharp,117
